Pressure,98.36,6,A8-AE-30-C4-83-39
Proximity,25.46,8,0F-4B-2F-3F-95-98
Pressure,92.01,10,17-4A-B4-FF-BE-0D
Humidity,98.64,4,AD-42-82-CB-09-50
Pressure,31.7,4,56-D5-A4-94-71-F9
Proximity,18.62,2,82-8C-FA-F9-86-2B
Temperature,35.71,8,1B-B5-D3-84-27-F4
Humidity,22.16,8,A1-47-2F-44-FD-7D
Temperature,66.32,2,10-72-1F-17-69-33
Pressure,39.18,9,93-F0-43-F2-ED-A5
Pressure,35.82,8,90-C3-A5-BC-F0-AF
Humidity,73.74,6,93-93-4D-36-CC-96
Humidity,78.25,5,FD-75-5D-B7-C5-10
Temperature,97.73,9,DF-D1-80-56-73-54
Temperature,41.2,5,91-1D-6B-FF-5D-69
Humidity,60.99,4,46-1F-CA-60-85-C9
Pressure,50.38,2,7F-68-9D-D9-A3-93
Humidity,60.76,3,63-78-E6-88-24-9F
Light,79.3,5,A3-01-9B-EC-3A-33
Sound,87.56,4,71-18-5B-4D-79-A6
Sound,13.86,3,83-08-43-4C-1E-0E
Pressure,20.9,6,E6-F4-76-CD-2D-F9
Temperature,79.17,1,97-87-39-F8-26-95
Light,55.05,6,9E-20-36-06-36-A2
Light,39.66,6,F7-8A-D0-5B-7D-14
Light,36.22,7,CF-16-AF-81-FD-E8
Pressure,81.14,6,2F-89-D3-1B-28-43
Pressure,80.84,1,16-DF-9A-0B-46-F8
Temperature,98.33,3,85-6E-D6-50-6C-F0
Temperature,53.43,7,E3-DF-ED-59-C9-EB
Light,81.46,7,CD-4D-0A-16-F7-7F
Sound,82.09,8,D2-5F-9B-62-7B-96
Proximity,19.51,3,9F-89-52-FC-00-08
Light,57.4,10,A0-22-AD-23-90-6B
Proximity,47.09,10,1E-CB-7B-76-EA-1C
Humidity,46.19,2,D6-88-3A-BC-4E-EF
Proximity,93.65,2,EA-CA-84-A4-C8-9F
Humidity,53.59,4,8F-17-2D-A6-9A-6F
Proximity,68.15,4,9B-D6-6E-D2-F5-57
Proximity,79.47,5,91-55-4C-A1-AD-0A
Sound,84.94,10,03-2B-63-52-F2-44
Pressure,75.99,4,83-79-0F-30-F8-CB
Humidity,96.89,9,7A-41-C8-5E-3F-92
Temperature,75.6,5,87-0B-1D-10-C6-15
Proximity,30.9,2,F4-4E-FC-77-E6-9A
Temperature,12.72,8,EA-F6-54-0C-66-45
Humidity,90.29,4,C5-9F-88-75-98-F6
Light,78.34,10,8D-12-C1-A4-AE-6F
Proximity,61.34,10,37-E5-90-62-B5-78
Proximity,49.52,5,1B-A6-10-E5-B6-D6
Pressure,47.69,10,6F-00-CC-1E-65-D2
Proximity,85.37,3,14-0F-94-77-38-9D
Proximity,49.83,3,D4-4E-F3-A6-C9-BD
Light,27.39,9,39-4F-B4-D9-CF-B5
Humidity,77.05,2,08-79-91-F1-1F-09
Sound,72.79,8,AE-FA-89-A0-92-D5
Sound,55.8,6,A4-48-BD-64-61-13
Proximity,17.86,2,CD-5B-CE-B3-7A-34
Temperature,53.04,7,68-53-76-77-8B-67
Light,35.61,8,22-DC-13-9F-43-2B
Sound,66.07,5,2A-AA-EB-A1-CB-EB
Temperature,62.55,6,0A-66-13-48-9F-D1
Humidity,75.68,9,DC-5C-ED-6F-8A-B5
Pressure,94.41,8,64-B3-A2-D3-35-12
Temperature,50.72,7,B4-81-4B-17-2E-BD
Temperature,49.54,10,64-59-60-99-E0-44
Sound,89.69,2,01-EB-A2-8F-88-CB
Sound,35.71,9,AA-1E-8D-AC-5C-21
Proximity,39.56,2,D4-D6-F0-15-4A-51
Pressure,47.83,1,EB-D8-9A-C7-B7-85
Light,68.09,10,AA-7C-02-D1-EE-8B
Light,95.37,5,B5-D2-E8-ED-AC-C6
Light,96.11,8,EB-9A-85-3E-5C-50
Light,29.77,8,46-99-61-C4-87-7B
Proximity,43.12,6,0D-9B-B7-69-38-DF
Temperature,42.77,4,D9-D4-6A-18-48-59
Light,89.16,9,73-F8-84-47-D4-F6
Proximity,46.83,2,4E-EB-71-19-A6-D8
Pressure,62.36,9,62-A9-0E-FD-1F-AD
Pressure,24.01,8,67-6A-3D-60-77-12
Light,73.13,6,21-E9-BC-EA-42-06
Sound,34.54,1,CF-74-0D-2D-3A-1A
Proximity,54.31,1,22-60-AF-31-D4-C4
Temperature,27.51,1,F2-9F-A6-69-94-A0
Light,15.18,9,5C-04-1E-11-16-38
Humidity,98.73,10,DF-8F-02-15-0E-39
Humidity,21.54,6,78-4D-3B-56-97-6B
Pressure,83.99,4,DD-5A-93-BB-44-2B
Light,84.77,4,33-2E-A4-F6-6C-27
Light,46.32,6,9A-8F-9D-5C-9C-9F
Temperature,61.62,6,07-21-BE-8B-FA-12
Temperature,82.08,8,76-E1-2E-2E-55-AF
Proximity,87.49,8,E7-DF-79-9D-51-39
Proximity,89.55,2,9E-0C-5F-61-60-10
Proximity,72.68,1,E3-E9-15-2A-E9-0D
Pressure,30.38,2,F8-6C-4C-F5-86-43
Sound,94.14,3,DB-FF-54-3E-40-1F
Light,44.12,3,D3-5F-59-CA-82-3B
Humidity,69.73,4,C8-AC-1F-B4-3A-37
Temperature,60.46,4,78-03-B0-8E-89-A5
Humidity,57.23,7,46-38-80-0C-F9-E3
Light,73.02,10,11-59-57-65-C1-6A
Light,38.92,4,92-D1-D9-81-EA-FF
Humidity,23.86,9,8C-EB-97-F4-71-18
Temperature,19.04,5,55-38-0E-44-22-43
Humidity,31.01,5,89-02-0B-C5-34-BD
Temperature,91.52,3,41-04-E4-78-24-0F
Temperature,27.65,10,C9-26-2F-C5-38-91
Sound,86.93,1,F7-74-00-88-76-CA
Proximity,97.17,8,0D-90-3E-21-C7-01
Sound,47.35,6,4A-F1-F5-B6-75-68
Pressure,84.83,6,4F-49-65-22-1F-D0
Sound,11.15,5,2B-58-DE-1D-ED-85
Sound,89.08,2,5C-95-49-CB-35-FE
Proximity,74.29,7,06-70-93-6E-1E-92
Humidity,98.97,1,0A-76-8E-DF-A9-44
Proximity,80.04,2,79-45-A4-A3-13-65
Pressure,57.53,4,DE-73-43-02-E2-40
Light,45.75,9,EC-5A-B0-C9-05-85
Sound,97.44,7,48-2B-4B-95-E1-E0
Sound,29.29,2,9D-05-BD-D8-7B-DE
Sound,68.02,8,22-AC-A5-8B-F5-69
Proximity,80.97,5,D8-1B-98-F2-65-EB
Pressure,56.26,6,5A-E0-82-FC-68-63
Sound,92.85,2,3F-BD-4A-BD-B1-CE
Sound,27.65,6,AF-F9-F2-8D-B0-AC
Light,33.34,10,C9-5C-52-F8-75-CE
Temperature,96.85,5,28-C9-B6-A0-8B-7B
Sound,63.03,5,DD-03-BB-48-05-F1
Sound,20.53,9,A8-2C-04-8E-9A-63
Proximity,35.65,2,67-12-FD-FE-F9-E7
Light,32.51,7,B4-5E-3C-E2-E4-9A
Pressure,36.2,2,0B-00-3E-0A-84-80
Sound,93.33,2,DD-30-A1-38-B1-EE
Pressure,63.62,8,E1-1B-7E-1F-39-98
Sound,28.74,6,55-11-E8-F2-15-CF
Sound,86.14,4,FD-8D-7D-DE-CB-E8
Proximity,55.37,9,84-72-37-84-F3-AF
Light,31.05,7,9B-8B-1B-DF-64-51
Light,89.54,8,84-38-74-9B-E3-EA
Pressure,96.63,5,2B-88-5E-2F-AD-53
Proximity,88.08,9,DE-38-3A-ED-4E-92
Pressure,56.7,5,6F-7C-7F-E1-EF-FF
Temperature,84.04,4,13-AE-FB-43-3F-96
Sound,19.4,2,5F-82-22-C5-CC-22
Pressure,75.95,4,B5-F6-12-B5-1F-0A
Proximity,76.72,2,60-75-29-1C-5D-F3
Proximity,68.29,10,03-CE-AA-01-7B-B7
Light,42.37,7,BE-0B-1D-28-C7-27
Sound,46.59,3,F8-8B-EB-95-A5-2D
Humidity,87.78,5,96-A4-3F-D1-F1-C5
Light,19.14,10,49-B3-2C-73-66-1A
Sound,53.87,3,70-43-D9-21-16-67
Sound,71.08,1,D0-BC-9E-83-FD-EB
Sound,74.58,9,49-47-DC-AC-F0-AC
Proximity,96.63,4,0E-16-A7-10-0E-86
Light,38.75,6,2D-AC-F6-0C-52-2B
Sound,95.87,9,D5-C1-50-1D-16-D6
Light,77.29,10,2C-6A-F0-8E-F5-F3
Sound,84.46,7,51-EE-6A-18-99-6C
Light,89.98,8,1F-CC-A7-01-45-80
Proximity,74.0,9,FB-DB-9F-EA-3B-DC
Proximity,22.53,4,A4-C3-9D-B9-E5-99
Temperature,50.7,3,9C-9D-D9-27-80-95
Pressure,97.59,10,2F-5A-F3-7B-5D-26
Pressure,60.33,10,93-AE-B5-63-69-94
Temperature,49.31,1,ED-1E-FE-61-64-EA
Humidity,93.18,9,26-E8-F2-8B-D3-6B
Pressure,33.91,4,81-AE-D2-66-7B-68
Temperature,83.26,4,B3-90-A5-C3-6A-94
Pressure,77.75,1,77-C3-74-FC-6C-40
Pressure,94.52,1,FE-EB-CC-08-6D-B6
Proximity,98.95,6,82-D0-73-B7-00-82
Pressure,90.42,1,49-DF-35-0C-53-F4
Light,14.39,2,9B-F1-F1-04-0D-BD
Humidity,83.89,9,B3-69-63-90-FA-86
Proximity,38.77,2,B8-50-BE-69-5C-F9
Sound,82.08,4,8A-D0-BB-B7-AD-51
Humidity,65.56,8,68-FC-47-88-DF-25
Humidity,54.23,7,8F-B1-E1-F6-BE-6F
Pressure,27.94,4,15-2F-73-99-CB-36
Light,42.85,10,7A-B9-22-54-F7-52
Humidity,14.86,7,F3-56-44-F6-AA-D6
Proximity,13.28,3,D9-D1-18-10-DB-FC
Sound,23.37,4,1C-1F-0A-38-A7-8E
Humidity,18.67,1,01-AB-39-00-D2-88
Pressure,83.61,5,EC-A7-2A-0F-BC-91
Light,15.09,7,FB-A9-FA-A6-9E-B1
Proximity,72.21,8,40-BE-41-78-65-F7
Light,35.24,8,54-DC-A7-11-07-A9
Pressure,88.99,4,F2-82-FF-FE-21-85
Humidity,14.97,4,E1-4A-CB-2E-F4-59
Pressure,55.54,8,1D-55-68-B8-E5-1F
Light,82.28,8,D4-6C-3C-93-4C-67
Humidity,57.22,5,5C-4F-37-2F-13-E1
Sound,14.15,6,B9-87-07-B3-3C-78
Proximity,57.96,10,80-73-D4-C4-26-BF
Light,73.93,9,8E-55-75-F8-98-69
Sound,86.43,1,E1-47-24-3F-C6-B7
Pressure,41.79,8,37-E8-D6-1D-BE-DD
Humidity,44.74,8,7C-6C-AD-8E-D1-B2
Sound,61.4,6,C2-63-0E-71-90-59
Light,18.55,7,EE-6A-E4-16-BB-FA
Temperature,65.29,6,B1-28-65-C2-6E-1D
Proximity,66.05,10,6B-61-B0-D4-6E-9D
Proximity,40.68,6,DD-63-25-4D-64-7B
Humidity,35.54,1,BD-F7-63-CF-2C-0E
Humidity,87.48,1,2F-8C-9C-08-03-CE
Proximity,64.58,1,96-08-A4-8D-EA-59
Proximity,97.1,10,92-FA-C8-B3-31-A3
Sound,96.09,1,29-E3-3F-21-14-71
Light,35.75,1,C1-1B-B8-42-7E-C6
Pressure,16.9,8,82-00-48-AD-9E-18
Proximity,48.59,5,BC-2A-4D-DC-D4-62
Light,91.01,5,B1-1A-C6-49-F3-41
Light,94.46,4,74-2D-CF-18-53-69
Humidity,61.09,10,9F-85-56-ED-BF-93
Proximity,22.84,9,44-61-65-9A-A0-7F
Proximity,29.76,7,2E-6F-78-59-21-B7
Proximity,90.64,10,B2-B8-66-3E-CF-40
Proximity,55.08,9,43-D8-ED-00-4C-A2
Temperature,97.77,7,0D-4C-CF-60-8B-2A
Sound,83.66,10,71-AD-8C-6A-97-8F
Humidity,13.71,1,13-2E-33-6F-8D-66
Proximity,75.2,5,AD-EF-09-06-D2-6B
Temperature,98.45,8,4D-08-70-7A-9B-65
Pressure,53.6,1,90-A3-3D-08-17-B2
Pressure,15.89,1,BD-7D-B0-11-B8-80
Proximity,62.77,3,DB-5D-F0-67-BC-37
Temperature,28.97,4,BB-B6-E6-A1-36-D6
Temperature,68.6,10,A4-B8-2D-69-AC-25
Temperature,50.24,10,9E-74-1A-EB-F2-2D
Temperature,14.53,2,50-25-1A-B4-FA-5C
Light,42.42,2,AC-AC-2A-69-B1-0A
Pressure,32.99,10,03-5A-18-76-6B-DA
Humidity,22.87,2,F9-E8-07-15-90-A4
Temperature,44.85,6,B3-C5-6E-F2-BD-67
Humidity,94.5,5,F3-A8-B8-9E-0C-77
Pressure,63.29,6,8D-3A-CD-07-A7-60
Humidity,68.59,10,5E-41-F2-69-97-9E
Light,70.29,5,13-5A-01-0C-82-55
Pressure,52.41,9,BA-A4-CD-95-3D-51
Light,60.07,3,7D-8E-52-86-06-51
Sound,63.4,8,A5-47-11-1A-58-F0
Humidity,59.88,2,C2-52-95-EF-19-8C
Pressure,59.42,8,6F-B7-2B-EA-CF-72
Pressure,99.21,6,06-99-48-C6-71-18
Humidity,17.86,7,7A-C0-F2-DD-FF-55
Proximity,94.05,5,9B-AA-B1-12-07-AF
Light,41.18,6,43-D0-D5-D4-42-32
Proximity,71.33,9,E3-FE-84-FC-E5-90
Sound,90.68,6,4F-54-35-A1-2C-C9
Proximity,92.94,3,DE-9F-6D-43-5E-3D
Pressure,26.66,9,F9-4F-12-BB-55-8A
Sound,24.58,4,19-CA-83-CA-69-A6
Pressure,77.42,9,EF-8C-A0-A0-6B-4F
Proximity,43.29,6,CC-1D-44-4B-D5-78
Light,15.32,6,E0-5F-60-04-30-CE
Sound,24.85,2,93-2B-00-1F-01-6C
Humidity,35.0,3,AA-B6-17-F6-E4-07
Pressure,81.68,3,F2-05-3F-01-40-0B
Light,78.37,10,43-EC-39-C7-F1-4E
Humidity,90.08,3,3B-01-ED-27-11-2A
Light,20.71,1,07-5D-B8-04-AE-58
Temperature,32.61,4,21-D5-DE-BA-AF-75
Sound,86.57,6,8D-DA-BE-96-B2-20
Pressure,15.24,10,75-E5-51-C3-57-C8
Humidity,95.08,10,39-5F-EA-92-1A-8C
Proximity,60.39,4,64-77-65-0F-14-F5
Light,94.14,1,A2-07-67-12-6A-E2
Temperature,41.05,6,71-48-CF-75-E0-08
Temperature,72.01,1,4D-7C-CE-F3-E3-C7
Humidity,61.65,5,67-CC-BE-C2-FD-4F
Proximity,82.74,5,8B-A8-F4-A8-63-17
Humidity,30.42,2,E9-68-6A-B7-B9-30
Sound,82.22,3,EF-D4-8C-0B-76-1E
Sound,75.84,5,BD-F6-DE-25-A1-6B
Light,58.61,9,ED-64-40-F6-42-79
Humidity,92.05,9,B3-78-A3-4D-9F-28
Humidity,59.61,6,55-5F-B0-C2-31-04
Proximity,61.45,6,68-3E-FD-E7-DC-1F
Proximity,27.26,9,FD-BD-D0-4D-17-1B
Sound,96.53,5,23-27-36-A9-58-42
Temperature,31.15,1,EC-30-A1-5A-72-A2
Light,14.41,9,01-F4-39-1F-3B-48
Humidity,58.54,4,7B-52-C9-CB-6E-79
Humidity,55.98,8,B4-FE-DA-B8-06-7E
Light,28.37,3,6C-20-39-92-51-71
Light,56.42,5,C7-AC-39-5D-29-60
Humidity,79.91,1,85-6A-B9-42-9A-8E
Light,96.3,8,91-F4-2F-66-0A-BD
Light,57.19,10,05-65-22-00-9D-02
Light,59.95,3,1A-65-ED-33-84-E6
Sound,86.64,9,1F-DD-49-77-BB-F7
Temperature,13.21,4,F7-C6-43-25-2C-06
Sound,32.08,3,68-DF-BE-45-29-CC
Humidity,54.45,10,2B-62-DC-07-9C-C3
Light,53.53,10,1F-65-43-CD-70-7C
Sound,89.84,1,F6-A8-37-F6-54-76
Light,88.18,5,AD-78-8C-11-B8-D9
Pressure,39.84,4,49-20-50-79-9A-63
Temperature,13.93,10,D1-49-3C-2E-AE-A7
Proximity,18.57,1,C8-8A-9F-4C-6D-6E
Temperature,21.15,6,5B-7C-5A-DC-C8-4E
Humidity,35.97,10,4C-89-2C-FA-1F-69
Humidity,68.56,10,5C-BF-8F-FA-7D-76
Proximity,36.97,8,8A-CE-7F-21-23-5D
Proximity,60.91,1,B9-C2-DB-60-6E-B8
Pressure,16.01,9,F0-BA-A8-A3-2B-8E
Proximity,13.69,8,E7-4E-7D-9C-B2-5A
Proximity,75.01,7,E0-DD-A2-6C-2D-80
Pressure,44.07,1,DF-C2-F2-97-97-13
Proximity,98.37,4,C5-52-6A-13-ED-B4
Temperature,35.74,8,FD-93-C6-52-44-CE
Humidity,74.62,9,9B-5D-37-4A-E1-B0
Light,95.53,3,39-74-D9-DC-9D-34
Temperature,91.93,9,FD-CD-50-AE-80-30
Sound,41.39,10,C0-4F-E0-F6-2E-BA
Light,68.72,3,C3-15-EA-97-9D-2A
Light,69.7,7,74-A0-4E-66-25-17
Sound,73.07,4,AE-1F-40-EC-0C-3B
Pressure,12.49,1,41-EF-0C-CB-68-21
Proximity,81.14,10,5E-7D-DE-91-02-F0
Humidity,40.55,6,EC-96-A7-F2-17-76
Temperature,79.44,6,A5-65-07-19-6D-E7
Pressure,77.39,5,64-1C-90-C9-0A-5C
Temperature,92.67,2,C9-C8-C6-E5-24-AA
Temperature,38.6,6,57-79-3B-A6-CB-DA
Humidity,94.99,8,2B-0E-54-DD-4C-A2
Humidity,44.59,9,6D-A5-8D-9F-C9-B4
Proximity,11.1,6,21-9C-DC-56-8F-27
Humidity,65.33,7,A8-09-7E-32-D1-24
Pressure,81.55,8,76-55-BF-44-11-57
Temperature,66.02,8,F9-33-92-36-39-3B
Temperature,61.66,2,A9-FE-85-CC-9A-6E
Proximity,54.27,4,D6-E6-33-31-F6-3D
Sound,86.88,4,3E-AC-8E-AA-0F-28
Sound,40.09,1,04-7A-BF-F8-C8-63
Sound,62.44,4,D4-F3-AC-08-0F-C9
Light,56.9,5,1E-5A-1F-A4-DE-19
Humidity,97.81,7,29-67-8B-31-31-EC
Light,34.62,2,7D-AF-01-F7-AB-42
Light,80.59,1,C8-AB-E5-A6-F3-75
Humidity,87.0,1,68-DA-63-AF-AC-56
Proximity,23.51,3,72-DE-11-5F-A8-29
Humidity,26.85,2,03-4E-4A-58-1E-D1
Humidity,66.76,1,AB-25-FE-D3-7F-55
Temperature,40.94,2,09-06-D4-70-A6-18
Temperature,84.79,3,71-95-12-AD-84-A4
Proximity,20.05,1,4B-B6-0E-13-38-7E
Pressure,66.81,3,A6-C9-7C-C3-23-C1
Temperature,14.85,7,73-ED-D7-ED-E0-6C
Temperature,59.36,10,6F-F2-2A-EF-61-BF
Pressure,56.1,5,46-B9-D0-33-A8-92
Pressure,65.27,8,03-73-F8-DE-6D-D8
Proximity,22.78,1,9A-07-4D-AF-47-92
Proximity,70.27,5,F1-CE-9C-E5-59-30
Temperature,15.98,8,20-1E-89-46-83-F1
Humidity,57.56,2,6B-30-F8-AA-F9-B5
Sound,62.39,10,86-61-60-0E-FB-CC
Humidity,39.76,1,73-5B-30-9A-08-F3
Sound,80.31,6,71-29-FD-78-CE-6A
Pressure,55.55,7,CA-0D-1B-70-56-9A
Pressure,20.49,4,D3-F1-97-63-7A-87
Sound,99.1,6,F9-8C-E5-6D-5C-E5
Humidity,85.85,2,3E-8D-6C-5C-AD-CE
Temperature,35.04,2,D2-95-3C-E1-3D-C3
Light,94.37,9,03-1D-0F-85-B0-70
Temperature,56.98,4,31-F9-87-E7-DE-5B
Proximity,57.3,6,0C-69-2A-92-A6-9E
Temperature,69.06,7,7F-82-64-E8-80-F0
Humidity,80.58,5,25-DD-F2-CF-0F-57
Light,24.59,1,1F-6F-B5-05-7F-A4
Humidity,65.59,9,A8-CF-99-63-6A-07
Pressure,45.58,8,B4-5F-BF-40-7B-C9
Sound,16.03,5,AD-9C-09-2E-02-F8
Sound,22.22,4,57-D2-15-23-04-06
Light,68.34,7,D8-5B-C8-20-61-E4
Pressure,12.58,1,EF-71-E4-2B-1C-FC
Sound,94.37,6,C9-87-DB-C1-1D-49
Light,71.28,10,3E-B1-F7-06-A3-EC
Pressure,71.42,3,5F-FD-2D-76-ED-72
Pressure,27.51,2,2A-08-CA-AD-7F-1F
Temperature,49.93,3,9F-53-40-16-C9-D3
Humidity,19.61,3,78-55-97-DA-A3-F1
Light,27.9,8,C8-33-76-BB-44-CA
Pressure,37.54,2,A9-8F-69-88-0E-E7
Proximity,41.93,3,D4-1B-AE-DA-2B-BF
Pressure,35.54,3,17-66-1C-6D-F2-B1
Proximity,61.1,9,91-1E-80-CD-57-AA
Temperature,33.48,6,CD-DE-7F-E1-C0-53
Proximity,16.85,8,F3-44-F9-E2-BD-4E
Temperature,50.32,1,3B-9D-0F-BE-30-D4
Proximity,33.25,3,5C-01-D0-27-23-A1
Pressure,57.82,3,04-3F-F9-67-E7-56
Proximity,13.87,3,6E-2A-05-A3-10-F3
Light,42.83,5,28-B7-89-C2-62-EE
Pressure,66.8,1,2D-15-62-38-E7-D3
Proximity,88.77,9,37-29-BB-E4-04-69
Sound,62.36,6,A6-6F-5B-D1-1E-37
Temperature,89.51,2,D1-D4-AB-AC-EA-DB
Proximity,30.11,2,5C-5B-60-BF-C0-D2
Sound,33.38,1,9C-B2-33-E8-1B-1E
Sound,19.93,3,BC-66-44-59-0A-4D
Sound,29.16,2,28-C4-8E-A4-93-82
Sound,93.11,1,89-F4-4F-FC-0A-8E
Proximity,81.32,1,DB-B3-25-50-0E-AA
Light,39.53,6,12-79-27-5A-E7-31
Light,53.69,9,AE-F1-88-D4-F9-9D
Humidity,43.61,6,0D-BF-F0-F1-4F-BC
Humidity,56.91,10,E0-94-5D-59-C1-50
Sound,65.45,10,C9-12-65-FE-D7-A6
Proximity,80.9,6,62-87-17-79-5E-45
Light,97.38,4,2D-61-14-97-89-9B
Pressure,57.18,1,74-E7-3F-16-E5-A5
Temperature,54.6,6,16-19-E4-74-0E-99
Pressure,92.85,1,94-BC-23-78-85-CC
Pressure,81.73,3,1B-76-0C-39-2D-75
Light,10.8,6,1A-CF-8C-64-8B-90
Humidity,83.51,4,9F-32-F1-20-19-F9
Light,94.64,6,9A-94-93-3B-C5-B1
Light,95.21,5,A6-6C-00-9B-08-13
Sound,15.55,7,18-EF-0F-3E-B2-54
Proximity,61.96,7,6B-3F-15-0D-F6-C1
Temperature,24.25,7,77-16-BD-C6-08-0D
Sound,75.89,7,58-0F-0E-06-01-B8
Temperature,53.33,5,A4-FB-18-4D-52-A4
Temperature,31.95,5,9F-53-79-90-CF-BB
Proximity,99.92,1,7F-FB-BE-75-C3-2A
Pressure,93.1,8,EE-BA-7A-82-79-74
Light,19.65,4,97-C9-99-3B-7F-9D
Pressure,31.57,9,64-15-0E-9F-A4-2E
Proximity,46.8,2,C9-E3-FD-6D-E2-4E
Light,59.08,3,85-C1-FC-28-33-B8
Proximity,98.42,2,43-6E-F5-9C-E1-13
Sound,22.77,9,72-E7-55-8A-4C-D9
Temperature,53.36,5,0D-7A-2A-00-67-A7
Light,31.73,1,B6-05-7F-31-83-91
Proximity,59.17,10,1F-EC-D8-37-5F-00
Proximity,32.21,4,9F-01-1B-05-DB-E6
Sound,43.75,3,39-6B-1A-36-72-84
Temperature,86.66,4,AE-94-9C-9F-02-29
Proximity,39.15,6,E0-14-CE-F5-F4-2A
Pressure,43.29,6,29-03-13-3D-B5-EE
Sound,67.26,5,2F-57-7B-2D-C6-61
Humidity,94.32,1,A5-60-9C-21-91-FA
Temperature,88.88,3,FD-38-E5-5D-F0-35
Humidity,10.64,2,55-E2-C1-64-A9-49
Pressure,89.98,3,F0-2F-73-C6-BB-14
Humidity,93.55,6,03-79-BD-23-6C-C1
Temperature,90.45,4,86-60-2D-95-3F-37
Humidity,14.68,10,0E-BF-6D-8E-B3-53
Pressure,37.09,8,87-45-E3-3B-22-87
Pressure,98.92,3,54-48-4C-F5-E4-DF
Sound,92.22,5,75-01-B0-13-1D-C7
Temperature,33.69,5,16-61-EC-F4-C5-97
Temperature,17.12,10,C6-C1-AD-79-03-90
Sound,18.65,8,9E-A3-57-39-07-E3
Sound,10.73,1,1C-A5-EF-04-0F-F7
Humidity,12.85,6,1B-5E-08-66-8D-64
Sound,93.82,2,04-20-09-2C-A5-BA
Light,33.57,5,1B-B8-B3-BA-FF-D5
Pressure,26.16,2,5D-F7-B8-8C-35-48
Sound,41.64,8,5F-59-BC-13-76-69
Humidity,52.85,3,22-A0-63-68-99-7F
Pressure,16.22,7,B2-4B-C0-6B-42-6F
Pressure,17.37,5,09-7C-55-13-8F-C0
Light,74.25,10,6B-DD-B7-27-EB-EB
Light,81.98,5,E4-9C-D3-EA-A6-0D
Temperature,81.84,10,30-32-CA-B9-55-CC
Proximity,75.07,10,11-28-BB-C9-E7-13
Light,55.45,1,60-D3-56-EB-F0-E2
Temperature,53.73,10,49-C4-81-DC-27-43
Light,85.49,1,39-96-42-3F-6A-F9
Proximity,66.59,4,28-74-A7-9C-BB-AC
Humidity,58.77,6,D3-B0-08-F3-D9-E2
Temperature,85.32,10,8E-F7-5C-75-14-85
Humidity,83.43,10,8A-65-DE-69-FF-DA
Temperature,82.93,6,D1-A5-40-5C-97-63
Pressure,56.7,1,EB-6A-BA-2A-60-B1
Humidity,41.29,3,B4-02-3F-DE-01-5E
Proximity,44.51,4,7C-64-30-64-05-8D
Sound,39.19,2,28-42-1F-22-D3-28
Sound,66.45,9,76-2D-33-2C-4D-A7
Humidity,38.87,10,29-77-35-D1-92-F8
Humidity,66.76,6,AA-FB-15-00-57-E3
Humidity,44.68,2,61-92-7B-4A-19-93
Humidity,23.8,1,E5-22-B4-FF-D3-DE
Sound,70.61,2,B8-79-C2-3C-9B-2E
Pressure,92.82,9,FF-97-44-F5-EA-E7
Sound,22.56,2,82-2E-FE-84-46-51
Sound,55.18,3,07-40-1C-F9-90-80
Proximity,14.96,4,C3-AC-C5-EE-49-3D
Sound,73.57,4,A5-33-0E-90-48-9A
Humidity,93.91,10,3E-3C-A2-DD-E7-34
Sound,69.93,9,7B-A8-5A-0E-53-B9
Pressure,93.91,1,B9-44-DE-3D-35-0B
Humidity,48.46,3,DE-FB-74-F3-98-E8
Sound,17.32,9,7B-D0-F6-2B-4B-4D
Proximity,62.19,10,08-7E-17-4D-37-45
Sound,77.77,2,9F-E8-CC-53-FC-F2
Light,53.47,3,44-4D-B2-63-F3-47
Temperature,61.72,5,97-44-4B-60-47-68
Pressure,74.03,3,45-E9-08-B5-0A-78
Sound,43.98,9,0E-D8-F7-7F-44-91
Temperature,99.85,3,F0-6E-DB-3F-67-A8
Proximity,86.08,8,3C-8F-C1-37-7E-8B
Temperature,12.93,6,F7-A2-FE-7A-B0-9C
Temperature,67.67,5,24-8F-55-15-F5-FB
Proximity,68.84,7,50-2D-DC-4D-65-59
Temperature,99.56,4,EC-FA-7F-0E-9D-BC
Humidity,92.9,10,4E-1D-C2-F6-72-CE
Light,27.08,3,59-45-17-9C-F3-E6
Pressure,85.59,8,8F-64-4E-E9-6F-9E
Pressure,36.45,1,33-70-C2-89-93-D3
Humidity,66.76,10,B3-20-BD-66-07-93
Sound,59.86,9,0A-1B-FC-04-A2-AC
Humidity,98.35,8,E4-5E-3C-6C-EA-74
Temperature,40.43,7,2B-9C-71-D3-AC-21
Humidity,23.5,10,47-20-2C-6C-E8-5F
Humidity,17.68,9,BA-1B-FF-62-69-F2
Light,77.31,6,1B-B5-DA-DE-8E-3A
Sound,35.52,1,16-E9-70-FF-BB-CC
Light,19.5,9,E1-AF-41-33-1A-7E
Humidity,17.63,4,3A-64-7D-63-F0-D2
Sound,85.3,1,87-42-1B-E3-9D-E8
Proximity,55.55,9,6F-CD-74-27-F0-50
Pressure,78.23,1,EB-6D-DC-A3-C7-55
Proximity,22.92,1,D3-B7-62-77-3B-72
Humidity,12.5,8,B6-2A-49-B8-34-71
Proximity,31.71,7,1D-4C-55-12-F9-15
Temperature,72.7,8,1F-BF-E0-03-AE-A0
Proximity,56.52,6,1F-B0-3D-95-83-72
Sound,32.96,4,7B-3C-5A-BA-0D-8B
Humidity,10.01,7,59-C1-CC-81-E7-70
Proximity,32.05,1,B1-83-47-FE-05-42
Proximity,73.29,1,43-79-71-E7-99-17
Light,48.54,2,D2-64-75-D3-BE-1E
Pressure,70.65,3,99-63-14-D2-79-C8
Humidity,17.15,4,90-B6-89-B9-72-CA
Temperature,12.59,1,75-AC-34-9B-57-67
Sound,77.68,4,0A-EE-0C-C9-0E-47
Light,18.17,8,43-97-FC-7F-A3-F0
Humidity,37.41,3,16-60-20-D1-C0-E3
Proximity,86.94,8,B6-FE-D3-F8-F1-29
Temperature,30.71,1,0A-5C-AF-2C-25-37
Proximity,12.25,8,F3-FE-C8-D0-80-54
Temperature,75.2,9,39-11-EA-FB-36-C6
Light,76.27,2,FD-77-8A-9A-09-A3
Proximity,57.96,9,F5-6E-D4-B5-2F-1B
Light,41.41,1,94-35-9A-46-5F-0B
Sound,71.23,10,CE-B7-7B-13-44-67
Temperature,57.45,9,92-B2-8A-54-A2-B8
Pressure,90.59,7,5A-7E-BF-49-A3-A8
Sound,67.7,9,FC-D4-87-52-1F-52
Pressure,59.44,2,8C-83-40-92-91-9B
Pressure,58.49,8,51-FD-3B-85-DE-3D
Light,89.58,9,12-FF-5A-6D-61-18
Light,94.11,3,0D-19-E5-D4-67-EE
Pressure,85.3,5,1A-50-E3-57-C7-F0
Sound,59.24,2,37-23-C7-BC-4A-8B
Humidity,87.14,7,8F-E7-01-E4-04-45
Light,74.07,4,93-35-7B-5F-4D-6E
Proximity,96.93,8,0A-CE-3A-5A-4D-AA
Light,32.99,1,B8-FA-C9-59-A3-D5
Light,49.09,2,40-8B-C5-EB-D4-73
Light,71.35,3,5D-AB-87-79-FD-66
Light,12.6,9,CA-8C-1F-A2-76-C4
Light,90.01,3,91-4F-45-6E-F5-C9
Sound,18.97,1,FB-CB-C1-C7-E2-A2
Pressure,75.32,4,3C-F7-5E-BA-B1-7F
Pressure,30.3,1,0E-0E-56-04-10-69
Sound,87.35,10,98-1A-55-13-51-04
Temperature,90.48,9,E5-64-6D-7B-9C-63
Humidity,13.21,5,BA-35-17-5A-9D-92
Temperature,69.93,2,78-45-C7-57-D6-AC
Light,87.04,9,94-6C-08-63-E9-41
Humidity,26.95,1,B1-FE-21-6E-36-D7
Sound,73.96,5,31-CB-0A-9D-A2-A1
Light,19.6,1,12-1D-D2-7B-F5-04
Humidity,67.69,8,79-5F-9E-7E-45-41
Proximity,12.74,8,06-1F-E1-D6-6C-ED
Humidity,23.98,10,44-F8-DE-63-78-56
Sound,69.28,2,3B-7B-EA-61-BC-89
Proximity,93.76,4,62-9C-8C-A3-E8-CC
Humidity,21.69,8,76-76-BE-38-DA-F0
Pressure,55.21,9,FC-0D-CD-D2-B6-A0
Proximity,53.11,6,26-79-BA-BE-FC-67
Proximity,57.44,9,C4-B1-14-31-AF-F5
Light,16.77,3,98-56-15-70-AD-C0
Humidity,28.54,2,D4-3D-B2-44-46-FC
Humidity,38.77,10,78-C2-AF-47-51-3D
Proximity,85.65,4,2A-78-93-8D-7F-66
Pressure,23.23,10,65-24-C7-43-46-00
Proximity,13.49,3,17-BF-F6-83-28-14
Light,70.71,10,F0-52-BB-22-1B-20
Humidity,18.01,7,89-6A-16-7C-0E-D5
Temperature,37.76,8,75-69-D1-6D-B8-9A
Temperature,93.55,8,30-F8-F9-D6-7C-EC
Temperature,45.97,5,C2-BB-3D-5E-C1-F9
Proximity,57.52,8,14-07-37-C2-54-DA
Temperature,70.52,4,5A-F4-67-11-E4-80
Proximity,95.19,9,C2-3C-0E-5E-FC-0E
Proximity,83.42,1,FC-0A-FA-46-21-B4
Pressure,46.75,5,C4-B5-9E-A9-8A-FC
Pressure,80.68,4,7A-1A-9C-1E-4B-36
Humidity,42.65,1,5B-3A-CC-BA-E2-A7
Pressure,65.3,10,0B-85-82-0E-88-73
Pressure,44.16,8,07-73-8F-97-4B-B5
Humidity,18.29,10,29-28-5F-65-16-F0
Sound,92.0,4,13-A4-8C-3F-C9-AB
Pressure,77.53,2,C4-8B-2C-D9-92-ED
Light,42.37,5,CE-CC-74-2F-CE-2D
Pressure,50.72,5,85-D6-DC-02-E4-AD
Sound,59.59,5,00-5C-5A-83-06-87
Sound,11.94,7,64-6B-BE-A3-44-90
Temperature,14.17,1,96-B3-BC-3B-A8-BC
Pressure,97.32,9,E1-5E-A3-74-38-D3
Temperature,58.6,1,3C-F6-EE-6D-AD-6D
Temperature,70.36,7,98-BE-AC-B0-1D-36
Proximity,10.11,5,5A-D6-5A-C4-61-2C
Proximity,20.65,5,53-41-B1-9C-1C-E8
Temperature,70.02,4,ED-04-7D-F7-71-5A
Sound,46.07,5,7F-7C-28-55-CD-99
Proximity,14.11,10,6B-C9-CE-9A-31-B6
Sound,28.44,5,89-08-3F-F1-95-16
Light,49.35,4,00-CF-FB-F9-AD-5C
Temperature,65.69,9,98-1C-A3-60-FF-E4
Proximity,85.75,4,CD-A5-6B-59-66-AE
Light,96.6,5,60-75-6D-1A-48-BD
Light,96.63,1,0F-B7-3E-18-E5-66
Temperature,37.2,7,4B-EA-DF-83-86-8F
Temperature,58.52,1,2C-76-0F-AC-0F-2E
Light,85.22,5,05-15-CD-0C-81-0C
Proximity,33.71,3,4F-FC-38-BA-4A-42
Light,80.8,5,9B-CE-C9-53-30-4A
Proximity,23.15,1,EC-C5-0E-61-06-F6
Humidity,47.83,6,E5-B4-40-DC-09-4F
Humidity,54.91,7,61-AA-3F-7F-64-99
Light,84.78,8,93-1A-FD-E6-A4-7C
Light,34.87,6,28-DD-4B-BC-68-0D
Pressure,45.09,6,BF-82-6D-28-55-99
Humidity,11.13,4,AA-05-1B-20-60-67
Humidity,80.24,3,55-09-D7-9D-35-A1
Sound,40.63,5,11-07-DA-20-21-D8
Proximity,65.19,1,3A-07-2B-78-2E-22
Sound,90.84,7,36-FE-FF-EB-43-0E
Light,42.58,9,2F-FC-65-B5-63-DB
Light,43.8,9,3F-90-C0-4F-27-2A
Light,70.47,2,3D-48-E6-9A-3F-FC
Light,14.92,1,85-72-35-86-A6-3C
Pressure,73.65,5,C2-6D-3F-28-8B-E0
Temperature,76.55,5,86-A7-DE-D4-42-C1
Proximity,88.67,3,05-96-01-B5-0E-22
Light,87.47,4,64-2E-2B-84-D3-41
Light,61.04,10,A6-79-8D-D4-F3-4B
Temperature,20.21,10,13-DA-31-4E-B1-FD
Proximity,87.94,2,25-3C-94-65-18-1A
Temperature,75.54,4,0C-EE-4A-E8-0C-CA
Sound,54.04,7,79-3B-7D-DA-63-0F
Humidity,63.57,10,C4-6E-B2-CD-72-11
Temperature,57.55,3,FD-BF-51-60-F0-7D
Light,24.2,6,34-D7-E6-DB-DB-75
Sound,37.39,9,AF-F3-FD-F4-82-6F
Light,37.3,7,BF-AE-25-5E-7D-2F
Sound,43.56,7,57-3A-CC-DC-34-AE
Light,28.88,7,4E-55-09-0B-7A-EC
Pressure,83.1,9,F3-32-59-42-78-E3
Temperature,89.8,1,DB-0F-B6-5B-92-A1
Proximity,15.47,9,7C-CC-A8-D1-8A-A1
Humidity,65.69,4,38-03-9C-59-5E-F5
Humidity,43.0,7,BC-8D-EA-35-37-31
Sound,71.58,4,D6-85-6C-07-45-3D
Proximity,88.08,1,CE-50-76-F0-6F-A6
Sound,86.55,4,94-FD-9C-2C-F9-4B
Sound,13.1,10,5F-05-90-2B-81-1B
Temperature,31.39,6,DE-12-F9-9F-E1-6E
Pressure,36.04,8,01-71-82-B5-25-BF
Temperature,61.5,7,AB-1C-9A-7C-48-9F
Humidity,46.14,4,9C-5D-C4-C1-2A-F2
Light,41.04,2,A2-11-DB-E7-A1-9C
Temperature,82.02,10,3D-B1-5B-48-BD-B7
Light,40.79,2,8F-36-E8-FB-04-4F
Humidity,93.49,2,31-F3-A7-31-D5-07
Temperature,28.64,5,FF-EB-33-24-77-6E
Light,18.36,8,7D-D8-4F-CC-EB-75
Sound,55.31,8,D7-28-87-57-8E-51
Proximity,37.16,6,C9-79-D4-3C-8D-B9
Temperature,37.62,6,32-ED-C1-53-A8-1A
Sound,16.18,5,60-43-DB-AF-7D-54
Light,42.55,10,5B-77-E1-80-B8-01
Humidity,49.47,7,B1-83-E0-0C-E9-99
Sound,74.06,6,4B-F7-40-C4-D4-AA
Pressure,33.74,1,03-37-13-91-F1-E2
Pressure,33.94,8,5D-92-20-FB-24-A9
Sound,57.16,6,CD-F7-97-6C-C2-74
Light,54.45,4,8C-0B-93-C1-B3-4C
Pressure,34.47,8,0B-AA-98-2E-EE-E2
Light,52.82,2,B8-6F-CF-CA-20-E3
Temperature,77.3,6,83-97-17-C3-3D-BD
Temperature,37.18,1,87-ED-1F-AE-ED-77
Light,80.62,7,A8-04-77-76-F8-E5
Light,75.7,2,AA-F6-5A-CA-D9-ED
Sound,28.01,4,03-97-21-89-DC-AC
Sound,33.7,3,85-F7-46-F5-9C-46
Light,89.68,7,E2-5C-56-9B-C8-61
Temperature,16.04,5,7C-31-07-AE-D9-EC
Pressure,87.95,5,CB-D8-5F-95-16-4A
Temperature,69.81,9,6B-02-14-E3-85-AA
Pressure,69.44,9,AC-68-A9-53-ED-2C
Light,73.83,2,F2-BD-60-2F-8A-D3
Proximity,67.73,8,E7-B7-B4-D2-77-81
Proximity,37.03,5,F3-DA-62-7A-F1-6B
Pressure,31.87,9,D9-5A-CD-DA-6A-C0
Pressure,34.68,6,DB-15-CF-7F-27-0E
Humidity,61.7,6,24-95-63-11-07-D4
Pressure,48.63,9,76-68-F7-63-7E-E4
Proximity,82.1,4,47-E8-97-3F-92-67
Humidity,84.72,5,46-4A-24-3C-59-68
Light,83.98,5,24-D5-66-76-7D-62
Pressure,99.79,8,E8-0E-32-82-01-19
Light,80.86,4,14-61-06-F8-AB-E4
Light,60.31,3,AC-F8-22-D3-72-EF
Sound,71.75,5,2E-BB-41-2D-6A-E7
Light,63.73,3,1E-8E-3F-61-27-5E
Sound,89.56,8,18-08-F0-7F-0C-35
Proximity,64.53,2,23-D3-25-61-D3-07
Sound,39.64,10,00-3F-B4-03-D6-58
Temperature,79.34,8,E2-44-47-AA-99-C5
Sound,18.69,10,F4-0E-07-C6-90-91
Light,48.74,10,1D-CC-6C-02-5E-1C
Sound,33.64,9,75-36-BF-B1-9D-BF
Proximity,66.49,3,1A-B7-F3-58-C4-31
Pressure,11.26,5,46-67-68-AC-21-45
Temperature,81.1,5,E6-0D-C4-43-8B-8C
Humidity,31.62,2,D2-BC-B4-24-0A-E1
Temperature,87.22,8,D7-BA-F5-A4-A3-EA
Sound,33.21,3,A8-78-CA-F5-B1-65
Sound,76.65,2,28-0A-01-6D-65-86
Light,14.85,4,98-C6-D8-10-84-9F
Proximity,70.06,1,80-02-1D-25-23-EB
Light,75.59,6,98-D1-AB-EC-9E-B9
Proximity,94.6,6,1A-32-91-24-5C-21
Light,45.64,5,2D-AF-98-30-D6-83
Proximity,46.01,5,44-5A-D1-1E-A5-71
Pressure,30.05,10,68-6C-05-FF-2C-3A
Pressure,63.33,4,3D-32-B3-BB-85-C6
Sound,25.72,3,60-A0-F4-5F-8B-51
Proximity,22.95,7,1E-18-9C-13-9D-52
Pressure,87.13,6,B0-7C-AE-A7-DA-19
Sound,94.96,4,E1-3D-58-A4-3D-E5
Sound,57.17,3,AD-04-FC-73-63-7F
Light,54.78,5,22-7B-C8-BF-01-DC
Humidity,23.35,1,27-C7-92-0E-36-82
Light,79.27,2,17-A3-87-B1-92-FF
Pressure,94.92,2,1B-70-20-59-16-3D
Temperature,67.47,5,A9-E6-E9-2A-5B-FA
Proximity,56.65,8,9D-F8-C2-69-20-63
Sound,45.25,4,65-E5-9C-47-4F-1F
Pressure,46.31,7,D6-41-9A-A5-0F-37
Light,82.14,9,4C-D8-A7-19-AE-23
Pressure,82.79,5,F5-E3-CB-CE-66-07
Proximity,88.85,4,BF-B0-1D-F9-B6-03
Proximity,14.15,1,21-79-C3-C2-9D-C0
Humidity,99.38,2,70-3B-79-38-E0-7A
Sound,82.08,6,A1-49-DE-55-3F-C0
Temperature,75.24,7,81-88-C6-44-FA-3A
Pressure,31.18,4,E7-73-98-61-15-FF
Temperature,49.99,3,C5-44-21-BE-E0-17
Humidity,73.95,8,F1-96-28-0F-89-0E
Humidity,96.27,2,FC-5F-12-9D-D9-B7
Temperature,55.78,4,44-24-7E-7F-3E-32
Proximity,17.38,6,12-5F-34-F3-B0-D2
Sound,33.69,1,E8-8E-0D-95-7A-4C
Proximity,47.54,2,B7-09-8B-D5-1A-9C
Light,63.42,1,D7-E1-7E-DE-D1-76
Proximity,86.24,7,35-5D-B3-FB-22-C8
Proximity,38.13,10,48-B6-32-38-49-6B
Light,39.84,5,93-1E-E7-71-A5-09
Pressure,50.8,10,84-B8-ED-E5-A8-2D
Proximity,50.0,5,21-C3-0C-A4-CB-B8
Proximity,23.45,1,01-CE-2C-A2-F1-52
Temperature,82.87,1,81-D5-C2-43-77-E7
Proximity,42.35,7,29-DF-20-56-30-2A
Humidity,63.6,5,AA-E0-31-C0-C5-44
Temperature,66.13,10,41-CA-91-53-A8-BF
Humidity,30.74,5,BA-D5-A1-F3-81-2E
Temperature,94.19,3,79-E1-4D-27-77-B7
Humidity,69.28,3,89-8C-86-C9-AD-E7
Temperature,37.46,3,1C-67-EF-13-53-A9
Humidity,33.43,3,A7-71-29-3A-32-11
Proximity,22.32,2,49-12-37-AD-C8-F1
Temperature,72.91,2,6F-70-6F-3D-54-36
Pressure,31.35,5,22-C7-CD-F0-37-90
Humidity,88.02,5,A8-37-D0-A0-4B-95
Pressure,97.21,3,67-0B-5A-99-88-FF
Temperature,28.92,1,72-EC-F8-CB-A6-CC
Temperature,90.98,5,4C-B4-A0-77-0D-10
Humidity,15.18,10,5C-AD-F4-F1-50-5C
Light,59.3,10,03-AA-0C-B1-91-81
Proximity,90.4,4,A9-6C-69-66-C4-72
Light,95.49,1,F5-B7-3B-BB-A8-65
Humidity,84.6,6,E6-6D-07-6D-24-8D
Light,45.12,4,BF-BF-EA-3A-14-73
Temperature,85.81,1,DB-5E-32-FB-0C-6D
Pressure,18.25,10,81-2A-F2-E2-C2-B2
Humidity,48.06,8,71-05-DA-AE-6E-1F
Pressure,58.23,6,DA-7B-43-11-63-E0
Sound,83.92,8,6F-ED-F9-97-CB-06
Proximity,64.66,8,7C-04-54-FA-7D-05
Humidity,58.37,9,0D-5D-D8-C6-AD-0D
Proximity,20.9,4,B5-9B-D8-AD-00-6A
Sound,97.8,4,21-69-08-AB-FF-45
Light,59.05,6,3F-4C-16-4A-EC-1C
Temperature,97.15,4,E2-9C-91-AE-18-00
Sound,83.82,2,56-5A-E1-6F-1D-43
Sound,28.07,3,5F-2D-77-8F-76-D5
Light,61.4,4,78-3E-AE-4A-18-55
Light,39.77,10,F5-D7-16-7F-89-72
Temperature,58.58,4,D7-84-4C-33-41-58
Pressure,39.25,8,89-54-50-8D-58-1D
Light,94.19,4,44-B3-BF-E3-23-BA
Proximity,84.95,8,DA-78-8F-4D-84-0F
Temperature,18.99,3,AE-4E-6E-2D-D9-47
Pressure,63.79,2,8F-12-41-4A-BE-85
Humidity,60.31,2,AF-05-AC-D0-1A-EC
Proximity,94.52,7,F9-50-8B-8E-6D-35
Proximity,76.52,9,A0-C6-61-9A-CB-6E
Temperature,59.49,1,4F-E3-D2-47-C4-5A
Sound,77.37,10,7D-FE-1D-F1-29-9F
Proximity,32.84,7,B1-83-D3-E2-85-8E
Proximity,88.5,2,6C-0E-53-DE-1C-82
Sound,94.08,2,34-07-3B-7C-09-C7
Pressure,41.12,7,9B-29-43-82-4A-26
Light,22.52,6,CB-9D-40-C1-C1-C3
Temperature,41.18,4,05-7F-BA-A4-A8-69
Light,80.48,10,60-7E-E9-92-2F-38
Sound,38.73,10,93-36-34-98-E6-F3
Humidity,25.38,9,32-0C-5A-7F-EF-09
Pressure,20.1,7,E5-E2-87-24-85-9C
Proximity,79.19,7,CB-D0-94-DA-FC-97
Light,39.31,7,80-49-C1-1B-5C-08
Humidity,20.19,2,95-72-2F-A1-9A-D4
Pressure,20.4,5,4B-B4-96-A3-C9-2B
Temperature,45.33,7,D4-EF-93-61-05-FD
Proximity,45.14,6,D2-6A-76-53-5B-AE
Temperature,11.57,3,6A-2B-CC-C1-A6-25
Humidity,16.16,4,E9-CB-F3-26-96-A5
Light,87.51,9,FE-D5-7E-CF-22-0A
Pressure,21.66,8,BC-54-E0-93-67-14
Proximity,41.56,10,4B-7B-ED-1C-1E-5B
Sound,52.48,10,F1-E8-A9-EF-1D-2B
Sound,30.04,10,20-2D-EB-8C-81-36
Pressure,50.24,7,99-84-31-D5-0C-C0
Light,90.3,5,A2-51-DB-24-B0-80
Light,59.77,4,C1-BC-80-B7-5A-D9
Humidity,10.12,7,61-39-E9-3A-C5-7C
Light,83.62,4,EB-09-FB-D4-75-33
Proximity,68.7,2,D7-20-4B-4C-09-2D
Sound,22.56,9,55-A8-06-D3-96-A1
Humidity,76.44,5,E2-C8-C1-1C-1A-92
Proximity,47.55,2,EA-CF-35-F9-25-D7
Proximity,50.58,10,D3-60-CD-95-76-D4
Humidity,34.76,5,F5-8D-58-4F-F7-A8
Pressure,10.25,8,D4-C6-B6-38-17-F9
Humidity,96.78,9,11-B4-AE-28-38-69
Proximity,37.58,5,54-D4-22-50-48-10
Sound,20.08,7,7D-83-CF-8D-45-39
Pressure,82.09,4,43-10-46-38-1C-10
Humidity,77.93,9,7E-E2-32-96-3E-FE
Pressure,45.2,7,BC-25-D4-E9-71-69
Proximity,71.08,6,9F-DE-1B-56-04-17
Humidity,94.4,8,07-DD-5C-F6-2C-2A
Proximity,78.0,7,E8-A6-84-AD-FD-D7
Sound,66.43,2,B6-B1-73-C2-B1-AC
Pressure,86.93,1,75-5F-DC-C7-2B-9F
Temperature,29.41,6,03-A8-2F-90-E0-76
Proximity,97.14,10,7C-DF-CF-62-6B-C0
Sound,31.33,6,18-7B-52-4F-87-91
Proximity,20.47,7,A7-03-82-6C-54-B5
Temperature,66.28,6,12-4A-E2-98-34-A6
Temperature,20.31,2,55-C2-B1-B4-35-30
Temperature,43.0,6,45-4E-60-39-2E-0B
Sound,57.62,4,31-14-D6-47-E6-B1
Humidity,90.32,8,14-25-51-6D-D4-B8
Humidity,89.82,9,34-F1-A5-C8-62-30
Sound,73.4,2,D8-C4-ED-C2-EC-8E
Temperature,35.41,2,21-63-A1-7B-C8-43
Pressure,33.77,4,24-D3-4B-01-7D-56
Proximity,63.9,10,FF-31-9B-FA-D1-7F
Humidity,77.5,3,F6-7B-2F-C4-34-1B
Proximity,38.23,8,70-3C-34-1F-44-12
Sound,70.23,6,54-A9-76-2D-62-36
Pressure,71.54,2,DC-4D-6C-22-98-6B
Temperature,56.96,9,61-5F-FF-34-C7-0A
Temperature,72.52,9,F3-5A-F9-46-5F-A8
Humidity,11.96,7,1F-FA-B2-33-46-1E
Humidity,41.74,3,15-2C-16-6F-BF-2E
Light,79.67,5,75-66-AC-EF-54-1A
Light,48.32,9,BC-A1-08-10-B1-87
Light,91.44,10,2B-B5-19-09-4F-7A
Humidity,76.35,3,5D-1C-14-4C-3B-BD
Sound,45.24,7,A6-D8-35-69-D9-F3
Light,87.06,2,80-D5-08-BD-12-54
Light,56.9,9,9C-D7-A2-02-D3-0B
Proximity,68.74,5,B0-65-B3-C0-EA-3F
Pressure,89.38,7,C3-0E-41-DB-32-E8
Proximity,63.54,6,88-C5-16-84-A0-1B
Proximity,90.87,2,90-28-A1-5B-38-13
Temperature,89.2,8,59-D2-31-4D-53-FC
Humidity,39.7,2,E2-BB-DA-F3-DF-0A
Temperature,67.77,6,23-6E-C1-72-99-C4
Pressure,66.14,2,75-F2-F9-04-C8-92
Sound,23.65,3,BC-43-E1-C0-38-ED
Pressure,92.65,1,17-A0-59-C1-04-0A
Light,84.3,10,25-4F-60-FE-98-8C
Sound,11.85,5,1A-77-F4-9F-21-FF
Pressure,59.31,10,2F-7D-58-CF-79-89
Sound,18.39,3,E0-8C-75-87-15-CE
Light,11.73,6,1D-D4-DF-2E-E2-0D
Humidity,48.0,10,6A-67-7E-2F-49-58
Pressure,43.42,6,A4-C7-7A-F1-4D-78
Light,53.16,2,B2-54-C1-1E-19-D3
Proximity,88.37,3,53-F4-10-98-5B-5C
Pressure,21.53,3,42-CF-BC-F4-14-75
Sound,43.94,5,CB-B3-61-3D-42-AF
Pressure,21.13,10,A3-C4-42-DA-69-78
Temperature,32.5,5,4B-51-E7-17-85-5B
Pressure,48.34,5,A0-52-F4-23-D5-31
Temperature,62.75,3,46-ED-86-AF-07-A2
Sound,68.37,10,D6-6B-0B-12-86-93
Humidity,10.75,4,6B-C1-FD-65-46-01
Humidity,83.16,8,07-0B-65-47-B4-15
Pressure,44.9,6,BF-3E-6F-88-86-EF
Pressure,48.56,6,B6-13-75-D8-6F-D5
Proximity,76.79,8,B4-F8-5B-03-E0-9D
Light,62.32,4,CB-82-2E-A6-5A-5B
Light,16.04,6,8E-CF-E9-80-CC-18
Proximity,65.38,10,3F-00-47-34-26-5B
Temperature,73.1,8,7E-7D-49-B3-6C-DF
Proximity,36.85,3,92-61-AD-F5-42-DC
Light,31.95,2,F9-42-37-4F-CF-C8
Pressure,38.02,3,03-75-B1-66-43-DF
Sound,30.46,3,68-0B-39-AC-46-FD
Sound,20.56,2,28-6C-25-E5-F3-1F
Proximity,12.2,6,96-B0-9E-39-3F-05
Humidity,75.66,9,76-CE-36-AD-C3-9C
Sound,28.71,1,E6-59-B9-E2-E4-5F
Humidity,32.92,5,22-59-52-29-FA-E6
Temperature,18.38,10,D2-C2-43-EC-D0-F4
Light,55.4,4,88-8D-C7-27-5C-6A
Pressure,24.1,9,9B-38-B7-FC-FC-82
Proximity,72.83,6,D2-01-93-34-D8-59
Sound,16.32,9,D9-27-87-E9-2B-8D
Sound,77.17,5,9A-5F-16-AB-5F-3A
Sound,18.61,10,06-83-EB-67-AA-8B
Light,89.5,6,21-81-87-EB-77-D9
Pressure,90.35,9,C1-BF-14-F2-02-02
Sound,36.09,4,AF-50-D1-E8-9D-6B
Sound,78.33,5,F0-1D-20-DB-04-35
Pressure,13.56,6,8A-26-F5-78-9D-FA
Sound,65.4,10,35-E3-5A-F9-07-00
Light,20.82,4,29-35-8C-06-B0-74
Proximity,54.31,5,DC-E0-8E-3D-06-71
Pressure,30.43,5,1D-57-3C-E4-54-CA
Light,86.43,4,5B-FB-4F-82-9C-E2
Humidity,54.91,1,B2-D2-56-27-56-E3
Sound,55.29,9,07-A2-CD-EB-E8-B8
Humidity,82.44,7,90-EA-7D-9D-A2-AC
Temperature,10.2,8,9D-2F-E4-AD-A3-13
Proximity,20.12,8,88-DC-C0-DE-07-20
Sound,48.68,4,3E-30-68-87-DF-CD
Proximity,67.98,10,32-BD-FB-86-A3-D9
Temperature,90.79,9,A8-BF-A2-00-7B-20
Pressure,20.69,1,A5-F2-8D-2A-34-1C
Pressure,21.09,10,6D-99-4C-11-D6-79
Temperature,78.42,9,C8-5A-55-0F-2F-A7
Sound,72.29,8,9B-87-33-05-B2-F7
Sound,78.97,4,4B-B9-D4-96-08-DD
Light,30.39,1,CE-58-7B-5A-A7-E2
Pressure,53.18,5,BE-84-D0-AF-48-93
Temperature,51.75,1,C1-CF-99-16-F6-1A
Light,76.65,6,BE-10-76-F7-ED-82
Pressure,95.54,8,30-9B-4E-A1-90-8C
Proximity,54.94,2,E4-FD-7E-5D-A8-3B
Proximity,48.6,6,A8-43-4E-4E-F8-35
Light,43.47,8,EC-4B-68-BE-E7-A5
Proximity,28.45,9,75-05-55-2D-04-D7
Sound,37.28,4,68-21-41-2B-64-16
Pressure,12.22,5,10-21-F9-2D-E6-2C
Light,66.8,8,D8-EE-63-25-74-98
Light,81.56,6,54-00-B0-52-09-77
Light,83.28,3,2A-F7-0A-97-5D-4A
Sound,83.91,6,09-67-2E-F7-FF-B3
Temperature,97.44,7,FF-4F-EC-53-B4-CE
Sound,96.38,7,88-1A-7C-E8-C5-74
Sound,99.57,6,00-66-B6-EE-3E-E5
Humidity,45.2,6,A1-32-9F-88-66-58
Sound,78.0,2,73-70-FA-39-53-36
Humidity,26.76,1,74-B4-F9-4B-94-9D